<?xml version="1.0" encoding="UTF-8" standalone="no"?>
<ExceptionOfJava>
    <Question>
        <Id>1</Id>
        <Questions>Which keyword is used to monitor statement for exception?</Questions>
        <Option1>try</Option1>
        <Option2>catch</Option2>
        <Option3>throw</Option3>
        <Option4>throws</Option4>
        <Correct>try</Correct>
    </Question>
    <Question>
        <Id>2</Id>
        <Questions>If a statement tries to divide by zero which exception is thrown?</Questions>
        <Option1>NullPointerException</Option1>
        <Option2>NumberFormatException</Option2>
        <Option3>ArithemeticException</Option3>
        <Option4>None of these</Option4>
        <Correct>ArithemeticException</Correct>
    </Question>
    <Question>
        <Id>3</Id>
        <Questions>Which method is used to print the description of the exception?</Questions>
        <Option1>printStackTrace()</Option1>
        <Option2>printExceptionMessage()</Option2>
        <Option3>printStackMessage()</Option3>
        <Option4>printExceptionTrace()</Option4>
        <Correct>printStackTrace()</Correct>
    </Question>
    <Question>
        <Id>4</Id>
        <Questions>Which of the following must be true of the object thrown by a throw statement?</Questions>
        <Option1>It must be assignable to the Throwable type</Option1>
        <Option2>It must be assignable to the Error type</Option2>
        <Option3>It must be assignable to the Exception type</Option3>
        <Option4>It must be assignable to the String type</Option4>
        <Correct>It must be assignable to the Throwable type</Correct>
    </Question>
    <Question>
        <Id>5</Id>
        <Questions>what is checked exception?</Questions>
        <Option1>Error</Option1>
        <Option2>Runtime Error</Option2>
        <Option3>SQL Exception</Option3>
        <Option4>None Of the Above</Option4>
        <Correct>SQL Exception</Correct>
    </Question>
    <Question>
        <Id>6</Id>
        <Questions>String s=&amp;quot;abc&amp;quot;; Integer i=Integer.parseInt(s); what is output?</Questions>
        <Option1>Runtime Exception</Option1>
        <Option2>NumberFormatedException</Option2>
        <Option3>compile time error</Option3>
        <Option4>None of the above</Option4>
        <Correct>compile time error</Correct>
    </Question>
    <Question>
        <Id>7</Id>
        <Questions>When does Exceptions in Java arises in code sequence?</Questions>
        <Option1>Run Time</Option1>
        <Option2>Compilation Time</Option2>
        <Option3>Can Occur Any Time</Option3>
        <Option4>None of the mentioned</Option4>
        <Correct>Run Time</Correct>
    </Question>
    <Question>
        <Id>8</Id>
        <Questions>Which of these keywords is not a part of exception handling?</Questions>
        <Option1>try</Option1>
        <Option2>Finally</Option2>
        <Option3>catch</Option3>
        <Option4>thrown</Option4>
        <Correct>thrown</Correct>
    </Question>
    <Question>
        <Id>9</Id>
        <Questions> Which of these keywords must be used to monitor for exceptions?</Questions>
        <Option1>try</Option1>
        <Option2>finally</Option2>
        <Option3>thrown</Option3>
        <Option4>catch</Option4>
        <Correct>try</Correct>
    </Question>
    <Question>
        <Id>10</Id>
        <Questions>Which of these keywords is used to manually throw an exception?</Questions>
        <Option1>try</Option1>
        <Option2>finally</Option2>
        <Option3>catch</Option3>
        <Option4>throw</Option4>
        <Correct>throw</Correct>
    </Question>
</ExceptionOfJava>
