<?xml version="1.0" encoding="UTF-8"?>
<CollectionOfJava>

<questions>
<Id>1</Id>
<question>Which of these standard collection classes implements a dynamic array?</question>
<option1>1)ArrayList</option1>
<option2>2)LinkedList</option2>
<option3>3)AbstractList</option3>
<option4>4)AbstractSet</option4>
<correct>1)ArrayList</correct>
</questions>

<questions>
<Id>2</Id>
<question >Which of these class can generate an array which can increase and decrease in size automatically?</question>
<option1>1)DynamicList()</option1>
<option2>2)LinkedList()</option2>
<option3>3)ArrayList()</option3>
<option4>4)ArraySet()</option4>
<correct>2)LinkedList()</correct>
</questions>

<questions>
<Id>3</Id>
<question >Which of these method can be used to increase the capacity of ArrayList object manually?</question>
<option1>1)DecreaseCapacity</option1>
<option2>2)IncreaseCapacity</option2>
<option3>3)Capacity</option3>
<option4>4)ensureCapacity</option4>
<correct>4)ensureCapacity</correct>
</questions>

<questions>
<Id>4</Id>
<question>Which of these method of ArrayList class is used to obtain present size of an object?</question>
<option1>1)index()</option1>
<option2>2)size()</option2>
<option3>3)capacity()</option3>
<option4>4)length()</option4>
<correct>1)index()</correct>
</questions>

<questions>
<Id>5</Id>
<question>Which of these methods can be used to obtain a static array from an ArrayList object?</question>
<option1>1)Array()</option1>
<option2>2)toArray()</option2>
<option3>3)convertArray()</option3>
<option4>4)converttoArray</option4>
<correct>3)convertArray</correct>
</questions>

<questions>
<Id>6</Id>
<question>Which of these method is used to reduce the capacity of an ArrayList object?</question>
<option1>1)trim()</option1>
<option2>2)trimCapacity()</option2>
<option3>3)trimToSize()</option3>
<option4>4)trimSize()</option4>
<correct>3)trimToSize()</correct>
</questions>

<questions>
<Id>7</Id>
<question>Map implements collection interface?</question>
<option1>1)False</option1>
<option2>2)True</option2>
<option3></option3>
<option4></option4>
<correct>1)False</correct>
</questions>

<questions>
<Id>8</Id>
<question>Is hashMap an ordered collection?</question>
<option1>1)True</option1>
<option2>2)False</option2>
<option3></option3>
<option4></option4>
<correct>2)False</correct>
</questions>

<questions>
<Id>9</Id>
<question> Which of the below does not implement Map interface?</question>
<option1>1)EnumMap</option1>
<option2>2)Vector</option2>
<option3>3)HashTable</option3>
<option4>4)HashMap</option4>
<correct>2)Vector</correct>
</questions>

<questions>
<Id>10</Id>
<question>How can we remove an object from ArrayList?</question>
<option1>1)remove() method and using Iterator</option1>
<option2>2)using iterator</option2>
<option3>3)remove() method</option3>
<option4>4)delete() method</option4>
<correct>1)remove() method and using Iterator</correct>
</questions>
</CollectionOfJava>