<?xml version="1.0" encoding="UTF-8"?>
<ExceptionOfJava>

<questions>
<Id>1</Id>
<question>Which keyword is used to monitor statement for exception?</question>
<option1>1)try</option1>
<option2>2)catch</option2>
<option3>3)throws</option3>
<option4>4)throw</option4>
<correct>1)try</correct>
</questions>

<questions>
<Id>2</Id>
<question>If a statement tries to divide by zero which exception is thrown?</question>
<option1>1)NullPointerException</option1>
<option2>2)NumberFormatException</option2>
<option3>3)ArithemeticException</option3>
<option4>4)None of these</option4>
<correct>3)ArthemeticException</correct>
</questions>

<questions>
<Id>3</Id>
<question>Which method is used to print the description of the exception?</question>
<option1>1)printStackTrace()</option1>
<option2>2)printExceptionMessage()</option2>
<option3>3)printStackMessage()</option3>
<option4>4)printExceptionTrace()</option4>
<correct>1)printStackTrace()</correct>
</questions>

<questions>
<Id>4</Id>
<question>Which of the following must be true of the object thrown by a throw statement?</question>
<option1>1)It must be assignable to the Throwable type</option1>
<option2>2)It must be assignable to the Error type</option2>
<option3>3)It must be assignable to the Exception type</option3>
<option4>4)It must be assignable to the String type</option4>
<correct>1)It must be assignable to the Throwable type</correct>
</questions>

<questions>
<Id>5</Id>
<question>what is checked exception?</question>
<option1>1)Error</option1>
<option2>2)Runtime Error</option2>
<option3>3)SQL Exception</option3>
<option4>4)None of the above</option4>
<correct>3)SQL Exception</correct>
</questions>

<questions>
<Id>6</Id>
<question6Description>String s=&quot;abc&quot;; Integer i=Integer.parseInt(s); what is output?</question6Description>
<option1>1)Runtime Exception</option1>
<option2>2)NumberFormatedException</option2>
<option3>3)compile time error</option3>
<option4>4)None of the above</option4>
<correct>3)compile time error</correct>
</questions>

<questions>
<Id>7</Id>
<question>When does Exceptions in Java arises in code sequence?</question>
<option1>1)Run Time</option1>
<option2>2)Compilation Time</option2>
<option3>3)Can Occur Any Time</option3>
<option4>4)None of the mentioned</option4>
<correct>1)Run Time</correct>
</questions>

<questions>
<Id>8</Id>
<question>Which of these keywords is not a part of exception handling?</question>
<option1>1)try</option1>
<option2>2)finally</option2>
<option3>3)catch</option3>
<option4>4)thrown</option4>
<correct>4)thrown</correct>
</questions>

<questions>
<Id>9</Id>
<question>Which of these keywords must be used to monitor for exceptions?</question>
<option1>1)try</option1>
<option2>2)finally</option2>
<option3>3)throw</option3>
<option4>4)catch</option4>
<correct>1)try</correct>
</questions>

<questions>
<Id>10</Id>
<question>Which of these keywords is used to manually throw an exception?</question>
<option1>1)try</option1>
<option2>2)finally</option2>
<option3>3)throw</option3>
<option4>4)catch</option4>
<correct>3)throw</correct>
</questions>

</ExceptionOfJava>